id;fecha;observaciones;observaciones_content_type;create_by_user;created_on;modify_by_user;modified_on;audit_status
1;2022-06-17;../fake-data/blob/hipster.png;image/png;Som transform;2022-06-16T19:12:49;Extremadura input compress;2022-06-17T07:34:17;Fantástico
2;2022-06-17;../fake-data/blob/hipster.png;image/png;medición Seguro Mejorado;2022-06-17T13:10:50;maximizada;2022-06-17T16:37:08;País matrix
3;2022-06-17;../fake-data/blob/hipster.png;image/png;initiatives transmitter synthesize;2022-06-17T11:43:14;Violeta Queso Reactivo;2022-06-17T15:55:08;Ringgit payment Rojo
4;2022-06-16;../fake-data/blob/hipster.png;image/png;Bedfordshire;2022-06-17T07:26:58;indexing;2022-06-17T07:33:50;dynamic Producto Rústico
5;2022-06-17;../fake-data/blob/hipster.png;image/png;Joyería Seguridada Arquitecto;2022-06-17T14:09:49;Buckinghamshire;2022-06-17T13:46:33;Loan facilitate Pelota
6;2022-06-17;../fake-data/blob/hipster.png;image/png;panel Poblado Pollo;2022-06-17T01:29:25;Funcionalidad Verde;2022-06-17T01:50:23;Chad Inversor protocol
7;2022-06-17;../fake-data/blob/hipster.png;image/png;24/365;2022-06-16T20:51:03;sticky;2022-06-17T04:08:14;servidor Urbanización
8;2022-06-16;../fake-data/blob/hipster.png;image/png;Director;2022-06-16T21:16:11;wireless;2022-06-17T12:26:23;payment microchip
9;2022-06-17;../fake-data/blob/hipster.png;image/png;Heredado;2022-06-16T21:13:21;mobile Platinum;2022-06-16T20:41:34;Avon
10;2022-06-17;../fake-data/blob/hipster.png;image/png;Arquitecto vertical;2022-06-17T09:37:31;implement;2022-06-16T20:36:02;Granito evolve Senda
