id;fecha;descripcion;descripcion_content_type;create_by_user;created_on;modify_by_user;modified_on;audit_status
1;2022-06-16;../fake-data/blob/hipster.png;image/png;Aplicaciones;2022-06-17T14:41:44;Credit system;2022-06-17T04:24:24;methodologies Azerbayán
2;2022-06-17;../fake-data/blob/hipster.png;image/png;Pelota distributed;2022-06-17T17:36:56;Inversor implement;2022-06-16T23:32:19;mediante Heredado Morado
3;2022-06-17;../fake-data/blob/hipster.png;image/png;Soluciones copy Clonado;2022-06-17T06:54:41;Factores;2022-06-16T20:36:18;generating driver
4;2022-06-17;../fake-data/blob/hipster.png;image/png;Sopa;2022-06-16T21:03:58;invoice;2022-06-17T04:03:25;Gris migración Cuban
5;2022-06-17;../fake-data/blob/hipster.png;image/png;Borders Kyat;2022-06-16T22:27:50;Account Bedfordshire Fantástico;2022-06-16T23:57:51;software generación initiatives
6;2022-06-17;../fake-data/blob/hipster.png;image/png;input Decoración;2022-06-17T17:25:54;Islandia;2022-06-16T21:45:26;Granito
7;2022-06-17;../fake-data/blob/hipster.png;image/png;mobile Técnico;2022-06-17T15:51:29;sensor Zambia;2022-06-17T11:23:56;Aragón
8;2022-06-17;../fake-data/blob/hipster.png;image/png;Queso Rica;2022-06-17T06:21:57;deposit copying Funcionario;2022-06-17T06:14:56;applications Rusia
9;2022-06-17;../fake-data/blob/hipster.png;image/png;Auto Mesa metrics;2022-06-17T01:03:24;users;2022-06-17T01:54:00;Hormigon interface Rojo
10;2022-06-17;../fake-data/blob/hipster.png;image/png;Diseñador scale calculating;2022-06-17T13:39:56;USB el;2022-06-17T09:50:29;architectures withdrawal Berkshire
