id;fecha;nombre;documento;documento_content_type;create_by_user;created_on;modify_by_user;modified_on;audit_status
1;2022-06-17T00:11:49;Optimizado;../fake-data/blob/hipster.png;image/png;Ferrocarril;2022-06-17T18:25:58;Peso;2022-06-17T05:21:12;online estable Rojo
2;2022-06-16T23:07:12;IB Diseñador;../fake-data/blob/hipster.png;image/png;Account;2022-06-17T18:09:43;Integración Sopa;2022-06-16T23:42:52;Mesa
3;2022-06-17T18:06:12;Card parse;../fake-data/blob/hipster.png;image/png;interface HDD;2022-06-17T06:33:30;Bedfordshire XSS Masía;2022-06-17T04:28:09;payment Jamaican Verde
4;2022-06-17T11:20:26;wireless;../fake-data/blob/hipster.png;image/png;Compartible Algodón;2022-06-16T21:31:17;Web;2022-06-16T21:04:40;strategic generating Cataluña
5;2022-06-17T05:22:29;Electrónica;../fake-data/blob/hipster.png;image/png;Extremadura North Interno;2022-06-17T07:12:06;Buckinghamshire Rústico;2022-06-17T09:46:04;real Diseñador withdrawal
6;2022-06-16T19:37:09;invoice;../fake-data/blob/hipster.png;image/png;por;2022-06-17T14:31:09;firewall Carretera Bedfordshire;2022-06-17T18:50:57;Torrente 1080p
7;2022-06-16T21:08:24;Aragón;../fake-data/blob/hipster.png;image/png;Comunidad Multi;2022-06-16T23:26:42;Afghani;2022-06-17T01:32:35;Futuro granular calculate
8;2022-06-17T16:34:23;Ronda;../fake-data/blob/hipster.png;image/png;Bacon Bicicleta Blanco;2022-06-16T20:35:20;generado Avon;2022-06-17T16:22:03;Intranet Atún Moda
9;2022-06-17T05:31:07;Navarra;../fake-data/blob/hipster.png;image/png;dinámica Colombia;2022-06-17T02:09:08;web bluetooth;2022-06-17T02:57:23;monitor
10;2022-06-17T17:19:31;Niger program envisioneer;../fake-data/blob/hipster.png;image/png;Directo Supervisor;2022-06-17T15:48:40;Bricolaje system;2022-06-17T08:04:28;invoice
