id;nombre;create_by_user;created_on;modify_by_user;modified_on;audit_status
1;transmitting usuario;plug-and-play Representante Adelante;2022-06-17T07:17:07;Navarra;2022-06-16T22:16:41;Rústico Virtual real-time
2;neutral Verde;Loan Convertible PNG;2022-06-17T06:44:45;hard Joyería;2022-06-16T20:15:45;Marroquinería optimizada Administrador
3;multimedia;generate Increible;2022-06-17T10:44:00;Convertible Guapo;2022-06-17T13:52:38;bypassing Deportes Adelante
4;seamless Amarillo Cantabria;Teclado;2022-06-17T08:18:14;Representante Teclado;2022-06-17T05:53:43;Account Berkshire cross-platform
5;Aragón synergize;Configuración pixel hacking;2022-06-17T08:10:25;hack;2022-06-17T00:30:54;política
6;withdrawal;technologies interactiva;2022-06-17T06:20:32;envisioneer Alemania Coche;2022-06-17T10:26:59;1080p Kwacha deposit
7;Escalinata Buckinghamshire;Artesanal Bricolaje;2022-06-16T20:46:39;Inversor;2022-06-17T00:55:42;overriding Berkshire
8;de;Soporte Salchichas port;2022-06-16T19:27:33;Compartible;2022-06-17T01:48:27;Berkshire
9;extensible acompasada;Metal Violeta;2022-06-16T19:17:53;Atún Consultor Fácil;2022-06-17T07:27:01;Checking
10;Hormigon Genérico turn-key;optical horas deposit;2022-06-17T03:52:34;Compartible Parafarmacia Genérico;2022-06-16T20:49:17;Identidad circuito
